-- Dumping data for table db_cake_shop.tbl_group: ~2 rows (approximately)
INSERT INTO `tbl_group` (`id`, `description`, `is_system_role`, `kind`, `name`, `created_at`, `updated_at`)
VALUES ('beaaf975-0b71-11f0-93e5-0242ac110002', 'Administrator group', b'1', 1, 'Admin', '2025-03-28 01:12:40',
        '2025-03-28 01:12:40'),
       ('f5ca64e7-0b71-11f0-93e5-0242ac110002', 'Customer group', b'1', 2, 'Customer', '2025-03-28 01:14:13',
        '2025-03-28 01:14:13');

-- Dumping data for table db_cake_shop.tbl_account: ~6 rows (approximately)
INSERT INTO `tbl_account` (`id`, `username`, `password`, `is_active`, `email`, `avatar_path`, `group_id`, `created_at`, `updated_at`) VALUES
  ('6b0df43b-e616-46d6-a48c-2a0f3e09ab80', 'nguyenvand', '$2a$10$319y3YT5k6Gm1xPcqAiHVeuUlEyY0BEgk/7F4.0JBvx5sv3t6VcsG', b'1', 'd@gmail.com', 'https://res.cloudinary.com/dcxgx3ott/image/upload/v1744349601/Avatar_UTE_hddqyo.png', 'f5ca64e7-0b71-11f0-93e5-0242ac110002', '2025-04-11 12:50:19', '2025-04-11 12:50:19'),
  ('6dd654df-7407-45a5-9ef6-053a3919871b', 'nguyenvana', '$2a$10$cmhuTXhPpthpKXdzzNEptONUchasPseFI8o.dHkExD3DGP4po1Y4y', b'1', 'A@gmail.com', 'https://res.cloudinary.com/dcxgx3ott/image/upload/v1744349601/Avatar_UTE_hddqyo.png', 'f5ca64e7-0b71-11f0-93e5-0242ac110002', '2025-04-11 12:45:51', '2025-04-11 12:45:51'),
  ('7f196824-86ad-473b-a42f-59f5b2e25763', 'nguyenvane', '$2a$10$tSuEd1okep1EtkX26OUKMuDcExhyO3J7G0bp3P1LeN7PHe8kp80WS', b'1', 'e@gmail.com', 'https://res.cloudinary.com/dcxgx3ott/image/upload/v1744349601/Avatar_UTE_hddqyo.png', 'f5ca64e7-0b71-11f0-93e5-0242ac110002', '2025-04-11 12:50:19', '2025-04-11 12:50:19'),
  ('aa19a747-0dee-4dff-9268-18fe63cd4838', 'nguyenvanb', '$2a$10$ehg6rLvxcadiGjNd9kjsT.pNA3I1wmcnO3RVUbz9coPBDAuhtCBCy', b'1', 'b@gmail.com', 'https://res.cloudinary.com/dcxgx3ott/image/upload/v1744349601/Avatar_UTE_hddqyo.png', 'f5ca64e7-0b71-11f0-93e5-0242ac110002', '2025-04-11 12:50:19', '2025-04-11 12:50:19'),
  ('c301a438-824a-45a7-9bc6-250e7bfbda7f', 'nguyenvanc', '$2a$10$4CuPBovEIN7xMxg7C6mreOCvymieoaQp0WR/KXQ7CZG9s5L5AmtuG', b'1', 'c@gmail.com', 'https://res.cloudinary.com/dcxgx3ott/image/upload/v1744349601/Avatar_UTE_hddqyo.png', 'f5ca64e7-0b71-11f0-93e5-0242ac110002', '2025-04-11 12:50:19', '2025-04-11 12:50:19'),
  ('cc6b725f-0b7f-11f0-93e5-0242ac110002', 'admin', '$2a$10$6Rdxpba/3kSoI8ofL7qbuOsHFGoeBXIGyzjySVxXeuLU4MlgCSJd6', b'1', 'admin@gmail.com', '', 'beaaf975-0b71-11f0-93e5-0242ac110002', '2025-03-28 02:53:16', '2025-03-28 02:53:16');

-- Dumping data for table db_cake_shop.tbl_permission: ~9 rows (approximately)
INSERT INTO `tbl_permission` (`id`, `action`, `code`, `name`, `description`, `created_at`, `updated_at`)
VALUES ('07d78809-0b80-11f0-93e5-0242ac110002', '/api/v1/category/update', 'CAT_UPD', 'Update category',
        'Update category', '2025-03-28 02:54:56', '2025-03-28 02:54:56'),
       ('33410c77-0d79-11f0-88b5-0242ac110002', '/api/v1/nation/create', 'NAT_CRE', 'Create nation', 'Create nation',
        '2025-03-30 15:11:05', '2025-03-30 15:11:05'),
       ('340bb59f-0b80-11f0-93e5-0242ac110002', '/api/v1/category/delete', 'CAT_DEL', 'Delete category',
        'Delete category', '2025-03-28 02:56:10', '2025-03-28 02:56:10'),
       ('3ba7c703-0c53-11f0-83d8-0242ac110002', '/api/v1/tag/delete', 'TAG_DEL', 'Delete tag', 'Delete tag',
        '2025-03-29 04:06:47', '2025-03-29 04:06:47'),
       ('3e00cba9-0c7d-11f0-83d8-0242ac110002', '/api/v1/product/create', 'PRO_CRE', 'Create product', 'Create product',
        '2025-03-29 09:07:29', '2025-03-29 09:07:29'),
       ('4898be2d-0c7d-11f0-83d8-0242ac110002', '/api/v1/product/update', 'PRO_UPD', 'Update product', 'Update product',
        '2025-03-29 09:07:47', '2025-03-29 09:07:47'),
       ('59d13e87-0d79-11f0-88b5-0242ac110002', '/api/v1/nation/update', 'NAT_UPD', 'Update nation', 'Update nation',
        '2025-03-30 15:12:09', '2025-03-30 15:12:09'),
       ('6b45edd9-0c7d-11f0-83d8-0242ac110002', '/api/v1/product/delete', 'PRO_DEL', 'Delete product', 'Delete product',
        '2025-03-29 09:08:45', '2025-03-29 09:08:45'),
       ('6cf0f02c-0d79-11f0-88b5-0242ac110002', '/api/v1/nation/delete', 'NAT_DEL', 'Delete nation', 'Delete nation',
        '2025-03-30 15:12:41', '2025-03-30 15:12:41'),
       ('8d273797-0c52-11f0-83d8-0242ac110002', '/api/v1/tag/create', 'TAG_CRE', 'Create tag', 'Create tag',
        '2025-03-29 04:01:54', '2025-03-29 04:01:54'),
       ('bbe39956-0c52-11f0-83d8-0242ac110002', '/api/v1/tag/update', 'TAG_UPD', 'Update tag', 'Update tag',
        '2025-03-29 04:03:12', '2025-03-29 04:03:12'),
       ('dc5e454f-0b7f-11f0-93e5-0242ac110002', '/api/v1/category/create', 'CAT_CRE', 'Create category',
        'Create category', '2025-03-28 02:53:43', '2025-03-28 02:53:43');

-- Dumping data for table db_cake_shop.tbl_permission_group: ~9 rows (approximately)
INSERT INTO `tbl_permission_group` (`group_id`, `permission_id`)
VALUES ('beaaf975-0b71-11f0-93e5-0242ac110002', '340bb59f-0b80-11f0-93e5-0242ac110002'),
       ('beaaf975-0b71-11f0-93e5-0242ac110002', '07d78809-0b80-11f0-93e5-0242ac110002'),
       ('beaaf975-0b71-11f0-93e5-0242ac110002', 'dc5e454f-0b7f-11f0-93e5-0242ac110002'),
       ('beaaf975-0b71-11f0-93e5-0242ac110002', '8d273797-0c52-11f0-83d8-0242ac110002'),
       ('beaaf975-0b71-11f0-93e5-0242ac110002', 'bbe39956-0c52-11f0-83d8-0242ac110002'),
       ('beaaf975-0b71-11f0-93e5-0242ac110002', '3ba7c703-0c53-11f0-83d8-0242ac110002'),
       ('beaaf975-0b71-11f0-93e5-0242ac110002', '3e00cba9-0c7d-11f0-83d8-0242ac110002'),
       ('beaaf975-0b71-11f0-93e5-0242ac110002', '4898be2d-0c7d-11f0-83d8-0242ac110002'),
       ('beaaf975-0b71-11f0-93e5-0242ac110002', '6b45edd9-0c7d-11f0-83d8-0242ac110002'),
       ('beaaf975-0b71-11f0-93e5-0242ac110002', '33410c77-0d79-11f0-88b5-0242ac110002'),
       ('beaaf975-0b71-11f0-93e5-0242ac110002', '59d13e87-0d79-11f0-88b5-0242ac110002'),
       ('beaaf975-0b71-11f0-93e5-0242ac110002', '6cf0f02c-0d79-11f0-88b5-0242ac110002');

-- Dumping data for table db_cake_shop.tbl_customer: ~5 rows (approximately)
INSERT INTO `tbl_customer` (`id`, `first_name`, `last_name`, `dob`, `loyalty`, `created_at`, `updated_at`) VALUES
   ('6b0df43b-e616-46d6-a48c-2a0f3e09ab80', 'D', 'Nguyen', '1995-12-05 00:00:00.000000', 180, '2025-04-11 12:50:18.886000', '2025-04-11 12:50:18.886000'),
   ('6dd654df-7407-45a5-9ef6-053a3919871b', 'A', 'Nguyen', '2004-08-02 00:00:00.000000', 100, '2025-04-11 12:45:50.582000', '2025-04-11 12:45:50.582000'),
   ('7f196824-86ad-473b-a42f-59f5b2e25763', 'E', 'Nguyen', '2001-03-10 00:00:00.000000', 320, '2025-04-11 12:50:18.975000', '2025-04-11 12:50:18.975000'),
   ('aa19a747-0dee-4dff-9268-18fe63cd4838', 'B', 'Nguyen', '2000-01-15 00:00:00.000000', 250, '2025-04-11 12:50:18.706000', '2025-04-11 12:50:18.706000'),
   ('c301a438-824a-45a7-9bc6-250e7bfbda7f', 'C', 'Nguyen', '1998-05-20 00:00:00.000000', 400, '2025-04-11 12:50:18.792000', '2025-04-11 12:50:18.792000');

-- Dumping data for table db_cake_shop.tbl_category: ~1 rows (approximately)
INSERT INTO `tbl_category` (`id`, `code`, `name`, `description`, `image`, `created_at`, `updated_at`)
VALUES ('7751d611-3b80-4cce-b8f6-1b3130d8c992', 'WEDDING_CAKE', 'Bánh Cưới',
        'Bánh cưới là biểu tượng ngọt ngào cho ngày trọng đại, được thiết kế tinh tế với nhiều tầng bánh và phong cách trang trí sang trọng. Mỗi chiếc bánh cưới không chỉ là món tráng miệng mà còn là điểm nhấn ấn tượng trong buổi lễ, thể hiện tình yêu, sự gắn kết và hạnh phúc của cặp đôi. Với nhiều kiểu dáng, màu sắc và hương vị khác nhau, bánh cưới mang đến sự hoàn hảo và lãng mạn cho khoảnh khắc thiêng liêng nhất.',
        'https://res.cloudinary.com/dcxgx3ott/image/upload/v1744210471/wedding-3_dlteib.webp',
        '2025-03-29 10:54:11', '2025-03-29 10:54:11'),
       ('bbee11f7-4420-4bbe-9150-c8790027e580', 'BIRTH_CAKE', 'Bánh Sinh Nhật',
        'Những chiếc bánh sinh nhật xinh đẹp, được trang trí tỉ mỉ và sáng tạo, là món quà ý nghĩa để gửi gắm yêu thương trong ngày đặc biệt. Với nhiều kiểu dáng, kích thước và chủ đề đa dạng, bánh sinh nhật không chỉ ngon miệng mà còn mang đến niềm vui và sự bất ngờ cho người nhận. Hãy chọn một chiếc bánh thật ấn tượng để lưu giữ những khoảnh khắc đáng nhớ cùng người thân và bạn bè.',
        'https://res.cloudinary.com/dcxgx3ott/image/upload/v1744209366/Best-Birthday-Cake-with-milk-chocolate-buttercream-SQUARE_x5yuqo.webp',
        '2025-04-04 12:15:28', '2025-04-04 12:15:28'),
       ('d187988e-5d2e-47e2-8ca2-be23e6de000f', 'SPONGE_CAKE', 'Bánh bông lan',
        'Bánh bông lan là một loại bánh mềm, xốp và nhẹ, thường được làm từ bột mì, trứng, đường và bơ. Với kết cấu bông xốp và vị ngọt nhẹ nhàng, bánh bông lan là món tráng miệng quen thuộc, có thể dùng kèm với trà, cà phê hoặc kết hợp với các loại kem, trái cây để tăng thêm hương vị. Có nhiều biến thể của bánh bông lan, từ bánh bông lan truyền thống, bánh bông lan cuộn đến bánh bông lan phô mai, mang lại sự phong phú và đa dạng cho người thưởng thức.',
        'https://res.cloudinary.com/dcxgx3ott/image/upload/v1744211244/sponge-2_fptwjd.webp',
        '2025-04-04 12:15:28', '2025-04-04 12:15:28'),
       ('e121da67-bd67-4d7c-ab82-4b84e785651e', 'CUP_CAKE', 'Cupcake',
        'Cupcake là những chiếc bánh nhỏ xinh, mềm mịn với lớp kem trang trí bắt mắt và hương vị phong phú. Chúng là lựa chọn hoàn hảo cho các buổi tiệc, quà tặng hay đơn giản là để thưởng thức vào những khoảnh khắc ngọt ngào trong ngày. Với nhiều kiểu dáng và nhân bánh đa dạng, cupcake luôn mang lại sự thú vị và bất ngờ cho người thưởng thức.',
        'https://res.cloudinary.com/dcxgx3ott/image/upload/v1744208115/product-10_q4cevx.webp',
        '2025-04-04 12:15:28', '2025-04-04 12:15:28');

-- Dumping data for table db_cake_shop.tbl_discount: ~1,003 rows (approximately)
INSERT INTO `tbl_discount` (`id`, `code`, `discount_percentage`, `end_date`, `start_date`, `created_at`, `updated_at`)
VALUES ('8bcfca3e-1556-11f0-8ac6-0242ac110002', 'DISCOUNT_5', 5, '2026-04-09 15:23:10.000000',
        '2025-04-09 15:23:10.000000', '2025-04-09 15:23:10.000000', '2025-04-09 15:23:10.000000'),
       ('8bcfd297-1556-11f0-8ac6-0242ac110002', 'DISCOUNT_10', 10, '2026-04-09 15:23:10.000000',
        '2025-04-09 15:23:10.000000', '2025-04-09 15:23:10.000000', '2025-04-09 15:23:10.000000'),
       ('8bcfd355-1556-11f0-8ac6-0242ac110002', 'DISCOUNT_20', 20, '2026-04-09 15:23:10.000000',
        '2025-04-09 15:23:10.000000', '2025-04-09 15:23:10.000000', '2025-04-09 15:23:10.000000');

-- Dumping data for table db_cake_shop.tbl_tag: ~1 rows (approximately)
INSERT INTO `tbl_tag` (`id`, `code`, `name`, `created_at`, `updated_at`)
VALUES ('375fd18f-6ee3-4325-8d1a-757974531f7e', 'COFFEE', 'Coffee', '2025-04-04 12:16:00.657000',
        '2025-04-04 12:16:00.657000'),
       ('4464e134-7974-4b7f-8d4d-41fb14eee46a', 'VANILLA', 'Vani', '2025-04-04 12:16:00.652000',
        '2025-04-04 12:16:00.652000'),
       ('5c79934c-0fc6-4e0c-9928-21d8b1ae56d7', 'CHEESE', 'Phô mai', '2025-04-04 12:16:00.651000',
        '2025-04-04 12:16:00.651000'),
       ('606ef0e9-5dd5-4165-b499-b64577f8f324', 'FRUIT', 'Trái cây', '2025-04-04 12:16:00.647000',
        '2025-04-04 12:16:00.647000'),
       ('8f1f608f-be88-467e-9a7a-12e6285ab72a', 'CHOCOLATE', 'Socola', '2025-03-29 11:07:29.341000',
        '2025-03-29 11:07:29.341000'),
       ('bd7cdc57-ec6b-4f89-b407-665539ac97a6', 'MATCHA', 'Matcha', '2025-04-04 12:16:00.658000',
        '2025-04-04 12:16:00.658000'),
       ('e5c796ad-0893-4dd5-a29b-23d49a3b3647', 'STRAWBERRY', 'Dâu', '2025-04-04 12:16:00.653000',
        '2025-04-04 12:16:00.653000');

-- Dumping data for table db_cake_shop.tbl_product: ~46 rows (approximately)
INSERT INTO `tbl_product` (`id`, `name`, `description`, `price`, `quantity`, `status`, `created_at`, `updated_at`, `category_id`, `discount_id`) VALUES
     ('18d3f905-00ff-40fb-a833-cbab9c02614e', 'Cup cake 1', 'Mô tả cup cake 1', 16000, 47, 1, '2025-04-11 08:18:43.526000', '2025-04-11 08:18:43.526000', 'e121da67-bd67-4d7c-ab82-4b84e785651e', '8bcfd297-1556-11f0-8ac6-0242ac110002'),
     ('1b5c9886-e07e-470a-81b4-d5ca587c4a2b', 'Bánh cưới 9', 'Mô tả bánh cưới 9', 323050, 17, 1, '2025-04-11 08:00:08.636000', '2025-04-11 08:00:08.636000', '7751d611-3b80-4cce-b8f6-1b3130d8c992', '8bcfca3e-1556-11f0-8ac6-0242ac110002'),
     ('1dedaee3-1bbb-4268-bfd4-9d860ce4108d', 'Cup cake 6', 'Mô tả cup cake 6', 16000, 35, 1, '2025-04-11 08:18:43.581000', '2025-04-11 08:18:43.581000', 'e121da67-bd67-4d7c-ab82-4b84e785651e', '8bcfca3e-1556-11f0-8ac6-0242ac110002'),
     ('1e09b653-9093-4294-8b1e-43a4efacc7ec', 'Bánh cưới 3', 'Mô tả bánh cưới 3', 403530, 14, 1, '2025-04-11 08:00:08.628000', '2025-04-11 08:00:08.628000', '7751d611-3b80-4cce-b8f6-1b3130d8c992', '8bcfca3e-1556-11f0-8ac6-0242ac110002'),
     ('214a7dcb-9b1d-403c-b770-2cba26179fde', 'Bánh sinh nhật 2', 'Mô tả bánh sinh nhật 2', 429030, 14, 1, '2025-04-11 08:04:41.320000', '2025-04-11 08:04:41.320000', 'bbee11f7-4420-4bbe-9150-c8790027e580', '8bcfd355-1556-11f0-8ac6-0242ac110002'),
     ('222e3700-75ba-44a5-b9c8-ab500885bc3e', 'Bánh cưới 10', 'Mô tả bánh cưới 10', 432430, 11, 1, '2025-04-11 08:00:08.638000', '2025-04-11 08:00:08.638000', '7751d611-3b80-4cce-b8f6-1b3130d8c992', '8bcfd297-1556-11f0-8ac6-0242ac110002'),
     ('225b9dcf-c3cb-4fa9-8bea-8e532019dfa2', 'Bánh sinh nhật 7', 'Mô tả bánh sinh nhật 7', 369390, 18, 1, '2025-04-11 08:04:41.329000', '2025-04-11 08:04:41.329000', 'bbee11f7-4420-4bbe-9150-c8790027e580', '8bcfd297-1556-11f0-8ac6-0242ac110002'),
     ('262d47eb-7af2-456f-b0d0-b14edf01bb27', 'Bánh cưới 4', 'Mô tả bánh cưới 4', 420220, 27, 1, '2025-04-11 08:00:08.629000', '2025-04-11 08:00:08.629000', '7751d611-3b80-4cce-b8f6-1b3130d8c992', '8bcfd297-1556-11f0-8ac6-0242ac110002'),
     ('2e96b18f-ad79-44d4-92c9-7422b83fa679', 'Cup cake 8', 'Mô tả cup cake 8', 16000, 49, 1, '2025-04-11 08:18:43.587000', '2025-04-11 08:18:43.587000', 'e121da67-bd67-4d7c-ab82-4b84e785651e', '8bcfd355-1556-11f0-8ac6-0242ac110002'),
     ('4696819a-f040-469f-a8a6-5ebda5432607', 'Bánh sinh nhật 10', 'Mô tả bánh sinh nhật 10', 353960, 16, 1, '2025-04-11 08:04:41.334000', '2025-04-11 08:04:41.334000', 'bbee11f7-4420-4bbe-9150-c8790027e580', '8bcfd297-1556-11f0-8ac6-0242ac110002'),
     ('4bac8467-974d-4265-9595-c8bba18d59c7', 'Bánh sinh nhật 3', 'Mô tả bánh sinh nhật 3', 477210, 28, 1, '2025-04-11 08:04:41.321000', '2025-04-11 08:04:41.321000', 'bbee11f7-4420-4bbe-9150-c8790027e580', '8bcfca3e-1556-11f0-8ac6-0242ac110002'),
     ('5112b32e-4d0b-410a-bcad-340296fa2d81', 'Cup cake 3', 'Mô tả cup cake 3', 15000, 59, 1, '2025-04-11 08:18:43.557000', '2025-04-11 08:18:43.557000', 'e121da67-bd67-4d7c-ab82-4b84e785651e', '8bcfca3e-1556-11f0-8ac6-0242ac110002'),
     ('51c0f51f-4af2-4acd-b45d-c4e3ec84b085', 'Bánh cưới 6', 'Mô tả bánh cưới 6', 347150, 19, 1, '2025-04-11 08:00:08.633000', '2025-04-11 08:00:08.633000', '7751d611-3b80-4cce-b8f6-1b3130d8c992', '8bcfca3e-1556-11f0-8ac6-0242ac110002'),
     ('57e70a1e-da61-48f8-b657-824be1f612cb', 'Cup cake 7', 'Mô tả cup cake 7', 16000, 47, 1, '2025-04-11 08:18:43.585000', '2025-04-11 08:18:43.585000', 'e121da67-bd67-4d7c-ab82-4b84e785651e', '8bcfd297-1556-11f0-8ac6-0242ac110002'),
     ('5ee7683f-4862-4c04-9941-0a6a21da380a', 'Cup cake 2', 'Mô tả cup cake 2', 16000, 60, 1, '2025-04-11 08:18:43.554000', '2025-04-11 08:18:43.554000', 'e121da67-bd67-4d7c-ab82-4b84e785651e', '8bcfd355-1556-11f0-8ac6-0242ac110002'),
     ('614a05f8-9a65-4468-a382-864394198039', 'Bánh bông lan 2', 'Mô tả bánh bông lan 2', 50000, 11, 1, '2025-04-11 08:07:50.842000', '2025-04-11 08:14:28.377000', 'd187988e-5d2e-47e2-8ca2-be23e6de000f', '8bcfd355-1556-11f0-8ac6-0242ac110002'),
     ('62bf0071-838c-493f-af44-74eade73885b', 'Cup cake 5', 'Mô tả cup cake 5', 16000, 25, 1, '2025-04-11 08:18:43.564000', '2025-04-11 08:18:43.564000', 'e121da67-bd67-4d7c-ab82-4b84e785651e', '8bcfd355-1556-11f0-8ac6-0242ac110002'),
     ('62f2ed3e-6707-42a4-b189-8fc70d0a427b', 'Bánh cưới 7', 'Mô tả bánh cưới 7', 431800, 15, 1, '2025-04-11 08:00:08.634000', '2025-04-11 08:00:08.634000', '7751d611-3b80-4cce-b8f6-1b3130d8c992', '8bcfd297-1556-11f0-8ac6-0242ac110002'),
     ('657dc7d8-96fb-4e85-b5e7-ffc83353852a', 'Bánh bông lan 10', 'Mô tả bánh bông lan 10', 53000, 21, 1, '2025-04-11 08:07:50.858000', '2025-04-11 08:14:28.392000', 'd187988e-5d2e-47e2-8ca2-be23e6de000f', '8bcfd297-1556-11f0-8ac6-0242ac110002'),
     ('66c7080f-182f-42c9-b767-feabe1642ce5', 'Bánh bông lan 3', 'Mô tả bánh bông lan 3', 51000, 25, 1, '2025-04-11 08:07:50.844000', '2025-04-11 08:14:28.394000', 'd187988e-5d2e-47e2-8ca2-be23e6de000f', '8bcfca3e-1556-11f0-8ac6-0242ac110002'),
     ('6c9a9e9d-86c7-4a08-b4db-4649d6405cb5', 'Cup cake 10', 'Mô tả cup cake 10', 16000, 54, 1, '2025-04-11 08:18:43.593000', '2025-04-11 08:18:43.593000', 'e121da67-bd67-4d7c-ab82-4b84e785651e', '8bcfd297-1556-11f0-8ac6-0242ac110002'),
     ('7aa275b2-7c0d-4b59-a9c6-1eaa1ba16a07', 'Bông Lan Cacao Đậm Vị', 'Bông Lan Cacao đậm vị thơm béo.', 54000, 20, 1, '2025-04-09 23:02:41.002000', '2025-04-11 08:14:28.396000', 'd187988e-5d2e-47e2-8ca2-be23e6de000f', '8bcfd355-1556-11f0-8ac6-0242ac110002'),
     ('7c008281-a5e3-453d-9091-97224f849216', 'Hương Tình Yêu', 'Bánh cưới \'Hương Tình Yêu\' mang đến sự ngọt ngào và lãng mạn, với lớp kem mềm mịn cùng thiết kế hoa trang nhã, lý tưởng cho ngày trọng đại.', 525000, 10, 1, '2025-04-09 23:02:40.986000', '2025-04-09 23:02:40.986000', '7751d611-3b80-4cce-b8f6-1b3130d8c992', '8bcfd297-1556-11f0-8ac6-0242ac110002'),
     ('899c2967-f9d3-43e4-82f5-5720e3f38862', 'Bánh sinh nhật 5', 'Mô tả bánh sinh nhật 5', 376210, 16, 1, '2025-04-11 08:04:41.325000', '2025-04-11 08:04:41.325000', 'bbee11f7-4420-4bbe-9150-c8790027e580', '8bcfd355-1556-11f0-8ac6-0242ac110002'),
     ('97e89405-72e6-43b4-816d-87173e9a43d6', 'Bánh cưới 1', 'Mô tả bánh cưới 1', 395120, 15, 1, '2025-04-11 08:00:08.614000', '2025-04-11 08:00:08.614000', '7751d611-3b80-4cce-b8f6-1b3130d8c992', '8bcfd297-1556-11f0-8ac6-0242ac110002'),
     ('9cf5a565-eb1e-43c3-8aea-5c2d4cb9d3fe', 'Bánh sinh nhật 6', 'Mô tả bánh sinh nhật 6', 415780, 18, 1, '2025-04-11 08:04:41.327000', '2025-04-11 08:04:41.327000', 'bbee11f7-4420-4bbe-9150-c8790027e580', '8bcfca3e-1556-11f0-8ac6-0242ac110002'),
     ('9e5c42c2-e96f-4da5-a0be-3567d03c267c', 'Bánh bông lan 7', 'Mô tả bánh bông lan 7', 50000, 22, 1, '2025-04-11 08:07:50.853000', '2025-04-11 08:14:28.398000', 'd187988e-5d2e-47e2-8ca2-be23e6de000f', '8bcfd297-1556-11f0-8ac6-0242ac110002'),
     ('a3a2da1b-18b4-4556-8d82-592f2d42bcd8', 'Bánh bông lan 4', 'Mô tả bánh bông lan 4', 56000, 22, 1, '2025-04-11 08:07:50.847000', '2025-04-11 08:14:28.399000', 'd187988e-5d2e-47e2-8ca2-be23e6de000f', '8bcfd297-1556-11f0-8ac6-0242ac110002'),
     ('a4ea23ec-11f3-4121-b652-8dcbac407209', 'Bánh bông lan 9', 'Mô tả bánh bông lan 9', 54000, 20, 1, '2025-04-11 08:07:50.856000', '2025-04-11 08:14:28.401000', 'd187988e-5d2e-47e2-8ca2-be23e6de000f', '8bcfca3e-1556-11f0-8ac6-0242ac110002'),
     ('a6564b4d-164a-4dbf-b306-dbfb137c6127', 'Bánh sinh nhật 9', 'Mô tả bánh sinh nhật 9', 496850, 13, 1, '2025-04-11 08:04:41.332000', '2025-04-11 08:04:41.332000', 'bbee11f7-4420-4bbe-9150-c8790027e580', '8bcfca3e-1556-11f0-8ac6-0242ac110002'),
     ('a68b26cd-e6b0-426b-a070-abf4c98182a2', 'Kem Mây Bồng Bềnh', 'Cupcake nhỏ gọn, dễ thương, vị ngọt dịu.', 15000, 40, 1, '2025-04-09 23:02:40.999000', '2025-04-09 23:02:40.999000', 'e121da67-bd67-4d7c-ab82-4b84e785651e', '8bcfca3e-1556-11f0-8ac6-0242ac110002'),
     ('a71a0422-9157-4b14-a93e-dd1c74bbc59e', 'Bánh bông lan 6', 'Mô tả bánh bông lan 6', 54000, 17, 1, '2025-04-11 08:07:50.851000', '2025-04-11 08:14:28.402000', 'd187988e-5d2e-47e2-8ca2-be23e6de000f', '8bcfca3e-1556-11f0-8ac6-0242ac110002'),
     ('a79e7b10-8c4a-4e12-bf93-d46760bbc643', 'Cup cake 4', 'Mô tả cup cake 4', 15000, 26, 1, '2025-04-11 08:18:43.560000', '2025-04-11 08:18:43.560000', 'e121da67-bd67-4d7c-ab82-4b84e785651e', '8bcfd297-1556-11f0-8ac6-0242ac110002'),
     ('a92699f7-9f72-4e34-9ace-8fa7eba4099a', 'Bánh sinh nhật 1', 'Mô tả bánh sinh nhật 1', 475470, 19, 1, '2025-04-11 08:04:41.307000', '2025-04-11 08:04:41.307000', 'bbee11f7-4420-4bbe-9150-c8790027e580', '8bcfd297-1556-11f0-8ac6-0242ac110002'),
     ('ae0a9e6d-6523-4897-a595-d22fe25976e7', 'Cup cake 9', 'Mô tả cup cake 9', 15000, 27, 1, '2025-04-11 08:18:43.590000', '2025-04-11 08:18:43.590000', 'e121da67-bd67-4d7c-ab82-4b84e785651e', '8bcfca3e-1556-11f0-8ac6-0242ac110002'),
     ('affb5df4-e943-4540-b9e4-1b74bf1646c0', 'Cupcake vani truyền thống', 'Cupcake vani truyền thống, mềm mịn và ngọt nhẹ.', 15000, 25, 1, '2025-04-09 23:02:41.001000', '2025-04-09 23:02:41.001000', 'e121da67-bd67-4d7c-ab82-4b84e785651e', '8bcfca3e-1556-11f0-8ac6-0242ac110002'),
     ('b434f56a-bb32-4d3f-8ab7-c8ad09969d7b', 'Bông Lan Kem Dâu Hồng', 'Bông Lan Kem Dâu Hồng đậm vị thơm béo.', 51000, 20, 1, '2025-04-09 23:02:41.003000', '2025-04-11 08:14:28.404000', 'd187988e-5d2e-47e2-8ca2-be23e6de000f', '8bcfd297-1556-11f0-8ac6-0242ac110002'),
     ('c2cfc919-6e76-47e5-bec9-65d97a22aa5b', 'Bánh sinh nhật 8', 'Mô tả bánh sinh nhật 8', 400660, 14, 1, '2025-04-11 08:04:41.331000', '2025-04-11 08:04:41.331000', 'bbee11f7-4420-4bbe-9150-c8790027e580', '8bcfd355-1556-11f0-8ac6-0242ac110002'),
     ('c6c06031-2c45-4bb5-ab49-361b1f093867', 'Bánh cưới 5', 'Mô tả bánh cưới 5', 325420, 28, 1, '2025-04-11 08:00:08.631000', '2025-04-11 08:00:08.631000', '7751d611-3b80-4cce-b8f6-1b3130d8c992', '8bcfd355-1556-11f0-8ac6-0242ac110002'),
     ('d600cf7c-3873-42c7-aa46-ca25d9d503a9', 'Bánh bông lan 8', 'Mô tả bánh bông lan 8', 58000, 26, 1, '2025-04-11 08:07:50.855000', '2025-04-11 08:14:28.406000', 'd187988e-5d2e-47e2-8ca2-be23e6de000f', '8bcfd355-1556-11f0-8ac6-0242ac110002'),
     ('d73bbb9e-e4f9-44e7-a826-cc0a5118b8cf', 'Socola Ấm Áp', 'Cupcake chocolate nhỏ gọn, dễ thương, vị ngọt dịu.', 15000, 50, 1, '2025-04-09 23:02:40.997000', '2025-04-09 23:02:40.997000', 'e121da67-bd67-4d7c-ab82-4b84e785651e', '8bcfca3e-1556-11f0-8ac6-0242ac110002'),
     ('dadb6a97-e768-42cd-9f6d-d5a8c778892d', 'Bánh bông lan 1', 'Mô tả bánh bông lan 1', 51000, 24, 1, '2025-04-11 08:07:50.826000', '2025-04-11 08:14:28.408000', 'd187988e-5d2e-47e2-8ca2-be23e6de000f', '8bcfd297-1556-11f0-8ac6-0242ac110002'),
     ('dc3e0b6f-51f4-488d-bb38-d7d487f33b8a', 'Bánh cưới 8', 'Mô tả bánh cưới 8', 456110, 25, 1, '2025-04-11 08:00:08.635000', '2025-04-11 08:00:08.635000', '7751d611-3b80-4cce-b8f6-1b3130d8c992', '8bcfd355-1556-11f0-8ac6-0242ac110002'),
     ('e5434532-1b8b-40c3-8047-4c9cd1a1225f', 'Bánh bông lan 5', 'Mô tả bánh bông lan 5', 60000, 14, 1, '2025-04-11 08:07:50.849000', '2025-04-11 08:14:28.409000', 'd187988e-5d2e-47e2-8ca2-be23e6de000f', '8bcfd355-1556-11f0-8ac6-0242ac110002'),
     ('f7c78480-4a0f-4076-bb08-dcdb9e64170e', 'Bánh sinh nhật 4', 'Mô tả bánh sinh nhật 4', 441900, 15, 1, '2025-04-11 08:04:41.324000', '2025-04-11 08:04:41.324000', 'bbee11f7-4420-4bbe-9150-c8790027e580', '8bcfd297-1556-11f0-8ac6-0242ac110002'),
     ('ff3f817a-424e-4c2b-b0a0-f1faa6a49581', 'Bánh cưới 2', 'Mô tả bánh cưới 2', 408410, 25, 1, '2025-04-11 08:00:08.626000', '2025-04-11 08:00:08.626000', '7751d611-3b80-4cce-b8f6-1b3130d8c992', '8bcfd355-1556-11f0-8ac6-0242ac110002');

-- Dumping data for table db_cake_shop.tbl_product_images: ~110 rows (approximately)
INSERT INTO `tbl_product_images` (`product_id`, `image_url`) VALUES
     ('7aa275b2-7c0d-4b59-a9c6-1eaa1ba16a07', 'https://res.cloudinary.com/dcxgx3ott/image/upload/v1744211374/sponge-3_qsse7y.png'),
     ('7c008281-a5e3-453d-9091-97224f849216', 'https://res.cloudinary.com/dcxgx3ott/image/upload/v1744210471/wedding-3_dlteib.webp'),
     ('7c008281-a5e3-453d-9091-97224f849216', 'https://res.cloudinary.com/dcxgx3ott/image/upload/v1744210338/wedding-1_robivv.webp'),
     ('7c008281-a5e3-453d-9091-97224f849216', 'https://res.cloudinary.com/dcxgx3ott/image/upload/v1744210509/wedding-2_mljufv.webp'),
     ('a68b26cd-e6b0-426b-a070-abf4c98182a2', 'https://res.cloudinary.com/dcxgx3ott/image/upload/v1744213475/cupcake-3_doaecs.webp'),
     ('a68b26cd-e6b0-426b-a070-abf4c98182a2', 'https://res.cloudinary.com/dcxgx3ott/image/upload/v1744213474/cupcake-2_vgtxpx.webp'),
     ('affb5df4-e943-4540-b9e4-1b74bf1646c0', 'https://res.cloudinary.com/dcxgx3ott/image/upload/v1744214185/cupcake-5_jrvzfq.webp'),
     ('b434f56a-bb32-4d3f-8ab7-c8ad09969d7b', 'https://res.cloudinary.com/dcxgx3ott/image/upload/v1744211374/sponge-3_qsse7y.png'),
     ('d73bbb9e-e4f9-44e7-a826-cc0a5118b8cf', 'https://res.cloudinary.com/dcxgx3ott/image/upload/v1744208115/product-10_q4cevx.webp'),
     ('d73bbb9e-e4f9-44e7-a826-cc0a5118b8cf', 'https://res.cloudinary.com/dcxgx3ott/image/upload/v1744213474/cupcake-4_whytdy.webp'),
     ('1b5c9886-e07e-470a-81b4-d5ca587c4a2b', 'https://res.cloudinary.com/dcxgx3ott/image/upload/v1744210471/wedding-3_dlteib.webp'),
     ('1b5c9886-e07e-470a-81b4-d5ca587c4a2b', 'https://res.cloudinary.com/dcxgx3ott/image/upload/v1744210338/wedding-1_robivv.webp'),
     ('1b5c9886-e07e-470a-81b4-d5ca587c4a2b', 'https://res.cloudinary.com/dcxgx3ott/image/upload/v1744210509/wedding-2_mljufv.webp'),
     ('1e09b653-9093-4294-8b1e-43a4efacc7ec', 'https://res.cloudinary.com/dcxgx3ott/image/upload/v1744210471/wedding-3_dlteib.webp'),
     ('1e09b653-9093-4294-8b1e-43a4efacc7ec', 'https://res.cloudinary.com/dcxgx3ott/image/upload/v1744210338/wedding-1_robivv.webp'),
     ('1e09b653-9093-4294-8b1e-43a4efacc7ec', 'https://res.cloudinary.com/dcxgx3ott/image/upload/v1744210509/wedding-2_mljufv.webp'),
     ('222e3700-75ba-44a5-b9c8-ab500885bc3e', 'https://res.cloudinary.com/dcxgx3ott/image/upload/v1744210471/wedding-3_dlteib.webp'),
     ('222e3700-75ba-44a5-b9c8-ab500885bc3e', 'https://res.cloudinary.com/dcxgx3ott/image/upload/v1744210338/wedding-1_robivv.webp'),
     ('222e3700-75ba-44a5-b9c8-ab500885bc3e', 'https://res.cloudinary.com/dcxgx3ott/image/upload/v1744210509/wedding-2_mljufv.webp'),
     ('262d47eb-7af2-456f-b0d0-b14edf01bb27', 'https://res.cloudinary.com/dcxgx3ott/image/upload/v1744210471/wedding-3_dlteib.webp'),
     ('262d47eb-7af2-456f-b0d0-b14edf01bb27', 'https://res.cloudinary.com/dcxgx3ott/image/upload/v1744210338/wedding-1_robivv.webp'),
     ('262d47eb-7af2-456f-b0d0-b14edf01bb27', 'https://res.cloudinary.com/dcxgx3ott/image/upload/v1744210509/wedding-2_mljufv.webp'),
     ('51c0f51f-4af2-4acd-b45d-c4e3ec84b085', 'https://res.cloudinary.com/dcxgx3ott/image/upload/v1744210471/wedding-3_dlteib.webp'),
     ('51c0f51f-4af2-4acd-b45d-c4e3ec84b085', 'https://res.cloudinary.com/dcxgx3ott/image/upload/v1744210338/wedding-1_robivv.webp'),
     ('51c0f51f-4af2-4acd-b45d-c4e3ec84b085', 'https://res.cloudinary.com/dcxgx3ott/image/upload/v1744210509/wedding-2_mljufv.webp'),
     ('62f2ed3e-6707-42a4-b189-8fc70d0a427b', 'https://res.cloudinary.com/dcxgx3ott/image/upload/v1744210471/wedding-3_dlteib.webp'),
     ('62f2ed3e-6707-42a4-b189-8fc70d0a427b', 'https://res.cloudinary.com/dcxgx3ott/image/upload/v1744210338/wedding-1_robivv.webp'),
     ('62f2ed3e-6707-42a4-b189-8fc70d0a427b', 'https://res.cloudinary.com/dcxgx3ott/image/upload/v1744210509/wedding-2_mljufv.webp'),
     ('97e89405-72e6-43b4-816d-87173e9a43d6', 'https://res.cloudinary.com/dcxgx3ott/image/upload/v1744210471/wedding-3_dlteib.webp'),
     ('97e89405-72e6-43b4-816d-87173e9a43d6', 'https://res.cloudinary.com/dcxgx3ott/image/upload/v1744210338/wedding-1_robivv.webp'),
     ('97e89405-72e6-43b4-816d-87173e9a43d6', 'https://res.cloudinary.com/dcxgx3ott/image/upload/v1744210509/wedding-2_mljufv.webp'),
     ('c6c06031-2c45-4bb5-ab49-361b1f093867', 'https://res.cloudinary.com/dcxgx3ott/image/upload/v1744210471/wedding-3_dlteib.webp'),
     ('c6c06031-2c45-4bb5-ab49-361b1f093867', 'https://res.cloudinary.com/dcxgx3ott/image/upload/v1744210338/wedding-1_robivv.webp'),
     ('c6c06031-2c45-4bb5-ab49-361b1f093867', 'https://res.cloudinary.com/dcxgx3ott/image/upload/v1744210509/wedding-2_mljufv.webp'),
     ('dc3e0b6f-51f4-488d-bb38-d7d487f33b8a', 'https://res.cloudinary.com/dcxgx3ott/image/upload/v1744210471/wedding-3_dlteib.webp'),
     ('dc3e0b6f-51f4-488d-bb38-d7d487f33b8a', 'https://res.cloudinary.com/dcxgx3ott/image/upload/v1744210338/wedding-1_robivv.webp'),
     ('dc3e0b6f-51f4-488d-bb38-d7d487f33b8a', 'https://res.cloudinary.com/dcxgx3ott/image/upload/v1744210509/wedding-2_mljufv.webp'),
     ('ff3f817a-424e-4c2b-b0a0-f1faa6a49581', 'https://res.cloudinary.com/dcxgx3ott/image/upload/v1744210471/wedding-3_dlteib.webp'),
     ('ff3f817a-424e-4c2b-b0a0-f1faa6a49581', 'https://res.cloudinary.com/dcxgx3ott/image/upload/v1744210338/wedding-1_robivv.webp'),
     ('ff3f817a-424e-4c2b-b0a0-f1faa6a49581', 'https://res.cloudinary.com/dcxgx3ott/image/upload/v1744210509/wedding-2_mljufv.webp'),
     ('214a7dcb-9b1d-403c-b770-2cba26179fde', 'https://res.cloudinary.com/dcxgx3ott/image/upload/v1744209366/Best-Birthday-Cake-with-milk-chocolate-buttercream-SQUARE_x5yuqo.webp'),
     ('225b9dcf-c3cb-4fa9-8bea-8e532019dfa2', 'https://res.cloudinary.com/dcxgx3ott/image/upload/v1744209366/Best-Birthday-Cake-with-milk-chocolate-buttercream-SQUARE_x5yuqo.webp'),
     ('4696819a-f040-469f-a8a6-5ebda5432607', 'https://res.cloudinary.com/dcxgx3ott/image/upload/v1744209366/Best-Birthday-Cake-with-milk-chocolate-buttercream-SQUARE_x5yuqo.webp'),
     ('4bac8467-974d-4265-9595-c8bba18d59c7', 'https://res.cloudinary.com/dcxgx3ott/image/upload/v1744209366/Best-Birthday-Cake-with-milk-chocolate-buttercream-SQUARE_x5yuqo.webp'),
     ('899c2967-f9d3-43e4-82f5-5720e3f38862', 'https://res.cloudinary.com/dcxgx3ott/image/upload/v1744209366/Best-Birthday-Cake-with-milk-chocolate-buttercream-SQUARE_x5yuqo.webp'),
     ('9cf5a565-eb1e-43c3-8aea-5c2d4cb9d3fe', 'https://res.cloudinary.com/dcxgx3ott/image/upload/v1744209366/Best-Birthday-Cake-with-milk-chocolate-buttercream-SQUARE_x5yuqo.webp'),
     ('a6564b4d-164a-4dbf-b306-dbfb137c6127', 'https://res.cloudinary.com/dcxgx3ott/image/upload/v1744209366/Best-Birthday-Cake-with-milk-chocolate-buttercream-SQUARE_x5yuqo.webp'),
     ('a92699f7-9f72-4e34-9ace-8fa7eba4099a', 'https://res.cloudinary.com/dcxgx3ott/image/upload/v1744209366/Best-Birthday-Cake-with-milk-chocolate-buttercream-SQUARE_x5yuqo.webp'),
     ('c2cfc919-6e76-47e5-bec9-65d97a22aa5b', 'https://res.cloudinary.com/dcxgx3ott/image/upload/v1744209366/Best-Birthday-Cake-with-milk-chocolate-buttercream-SQUARE_x5yuqo.webp'),
     ('f7c78480-4a0f-4076-bb08-dcdb9e64170e', 'https://res.cloudinary.com/dcxgx3ott/image/upload/v1744209366/Best-Birthday-Cake-with-milk-chocolate-buttercream-SQUARE_x5yuqo.webp'),
     ('614a05f8-9a65-4468-a382-864394198039', 'https://res.cloudinary.com/dcxgx3ott/image/upload/v1744211374/sponge-3_qsse7y.png'),
     ('614a05f8-9a65-4468-a382-864394198039', 'https://res.cloudinary.com/dcxgx3ott/image/upload/v1744211244/sponge-2_fptwjd.webp'),
     ('614a05f8-9a65-4468-a382-864394198039', 'https://res.cloudinary.com/dcxgx3ott/image/upload/v1744211182/sponge-1_fsdhv4.webp'),
     ('657dc7d8-96fb-4e85-b5e7-ffc83353852a', 'https://res.cloudinary.com/dcxgx3ott/image/upload/v1744211374/sponge-3_qsse7y.png'),
     ('657dc7d8-96fb-4e85-b5e7-ffc83353852a', 'https://res.cloudinary.com/dcxgx3ott/image/upload/v1744211244/sponge-2_fptwjd.webp'),
     ('657dc7d8-96fb-4e85-b5e7-ffc83353852a', 'https://res.cloudinary.com/dcxgx3ott/image/upload/v1744211182/sponge-1_fsdhv4.webp'),
     ('66c7080f-182f-42c9-b767-feabe1642ce5', 'https://res.cloudinary.com/dcxgx3ott/image/upload/v1744211374/sponge-3_qsse7y.png'),
     ('66c7080f-182f-42c9-b767-feabe1642ce5', 'https://res.cloudinary.com/dcxgx3ott/image/upload/v1744211244/sponge-2_fptwjd.webp'),
     ('66c7080f-182f-42c9-b767-feabe1642ce5', 'https://res.cloudinary.com/dcxgx3ott/image/upload/v1744211182/sponge-1_fsdhv4.webp'),
     ('9e5c42c2-e96f-4da5-a0be-3567d03c267c', 'https://res.cloudinary.com/dcxgx3ott/image/upload/v1744211374/sponge-3_qsse7y.png'),
     ('9e5c42c2-e96f-4da5-a0be-3567d03c267c', 'https://res.cloudinary.com/dcxgx3ott/image/upload/v1744211244/sponge-2_fptwjd.webp'),
     ('9e5c42c2-e96f-4da5-a0be-3567d03c267c', 'https://res.cloudinary.com/dcxgx3ott/image/upload/v1744211182/sponge-1_fsdhv4.webp'),
     ('a3a2da1b-18b4-4556-8d82-592f2d42bcd8', 'https://res.cloudinary.com/dcxgx3ott/image/upload/v1744211374/sponge-3_qsse7y.png'),
     ('a3a2da1b-18b4-4556-8d82-592f2d42bcd8', 'https://res.cloudinary.com/dcxgx3ott/image/upload/v1744211244/sponge-2_fptwjd.webp'),
     ('a3a2da1b-18b4-4556-8d82-592f2d42bcd8', 'https://res.cloudinary.com/dcxgx3ott/image/upload/v1744211182/sponge-1_fsdhv4.webp'),
     ('a4ea23ec-11f3-4121-b652-8dcbac407209', 'https://res.cloudinary.com/dcxgx3ott/image/upload/v1744211374/sponge-3_qsse7y.png'),
     ('a4ea23ec-11f3-4121-b652-8dcbac407209', 'https://res.cloudinary.com/dcxgx3ott/image/upload/v1744211244/sponge-2_fptwjd.webp'),
     ('a4ea23ec-11f3-4121-b652-8dcbac407209', 'https://res.cloudinary.com/dcxgx3ott/image/upload/v1744211182/sponge-1_fsdhv4.webp'),
     ('a71a0422-9157-4b14-a93e-dd1c74bbc59e', 'https://res.cloudinary.com/dcxgx3ott/image/upload/v1744211374/sponge-3_qsse7y.png'),
     ('a71a0422-9157-4b14-a93e-dd1c74bbc59e', 'https://res.cloudinary.com/dcxgx3ott/image/upload/v1744211244/sponge-2_fptwjd.webp'),
     ('a71a0422-9157-4b14-a93e-dd1c74bbc59e', 'https://res.cloudinary.com/dcxgx3ott/image/upload/v1744211182/sponge-1_fsdhv4.webp'),
     ('d600cf7c-3873-42c7-aa46-ca25d9d503a9', 'https://res.cloudinary.com/dcxgx3ott/image/upload/v1744211374/sponge-3_qsse7y.png'),
     ('d600cf7c-3873-42c7-aa46-ca25d9d503a9', 'https://res.cloudinary.com/dcxgx3ott/image/upload/v1744211244/sponge-2_fptwjd.webp'),
     ('d600cf7c-3873-42c7-aa46-ca25d9d503a9', 'https://res.cloudinary.com/dcxgx3ott/image/upload/v1744211182/sponge-1_fsdhv4.webp'),
     ('dadb6a97-e768-42cd-9f6d-d5a8c778892d', 'https://res.cloudinary.com/dcxgx3ott/image/upload/v1744211374/sponge-3_qsse7y.png'),
     ('dadb6a97-e768-42cd-9f6d-d5a8c778892d', 'https://res.cloudinary.com/dcxgx3ott/image/upload/v1744211244/sponge-2_fptwjd.webp'),
     ('dadb6a97-e768-42cd-9f6d-d5a8c778892d', 'https://res.cloudinary.com/dcxgx3ott/image/upload/v1744211182/sponge-1_fsdhv4.webp'),
     ('e5434532-1b8b-40c3-8047-4c9cd1a1225f', 'https://res.cloudinary.com/dcxgx3ott/image/upload/v1744211374/sponge-3_qsse7y.png'),
     ('e5434532-1b8b-40c3-8047-4c9cd1a1225f', 'https://res.cloudinary.com/dcxgx3ott/image/upload/v1744211244/sponge-2_fptwjd.webp'),
     ('e5434532-1b8b-40c3-8047-4c9cd1a1225f', 'https://res.cloudinary.com/dcxgx3ott/image/upload/v1744211182/sponge-1_fsdhv4.webp'),
     ('18d3f905-00ff-40fb-a833-cbab9c02614e', 'https://res.cloudinary.com/dcxgx3ott/image/upload/v1744213474/cupcake-4_whytdy.webp'),
     ('18d3f905-00ff-40fb-a833-cbab9c02614e', 'https://res.cloudinary.com/dcxgx3ott/image/upload/v1744213475/cupcake-3_doaecs.webp'),
     ('18d3f905-00ff-40fb-a833-cbab9c02614e', 'https://res.cloudinary.com/dcxgx3ott/image/upload/v1744208115/product-10_q4cevx.webp'),
     ('1dedaee3-1bbb-4268-bfd4-9d860ce4108d', 'https://res.cloudinary.com/dcxgx3ott/image/upload/v1744208115/product-10_q4cevx.webp'),
     ('1dedaee3-1bbb-4268-bfd4-9d860ce4108d', 'https://res.cloudinary.com/dcxgx3ott/image/upload/v1744213474/cupcake-2_vgtxpx.webp'),
     ('1dedaee3-1bbb-4268-bfd4-9d860ce4108d', 'https://res.cloudinary.com/dcxgx3ott/image/upload/v1744213474/cupcake-4_whytdy.webp'),
     ('2e96b18f-ad79-44d4-92c9-7422b83fa679', 'https://res.cloudinary.com/dcxgx3ott/image/upload/v1744213474/cupcake-2_vgtxpx.webp'),
     ('2e96b18f-ad79-44d4-92c9-7422b83fa679', 'https://res.cloudinary.com/dcxgx3ott/image/upload/v1744213474/cupcake-4_whytdy.webp'),
     ('2e96b18f-ad79-44d4-92c9-7422b83fa679', 'https://res.cloudinary.com/dcxgx3ott/image/upload/v1744208115/product-10_q4cevx.webp'),
     ('5112b32e-4d0b-410a-bcad-340296fa2d81', 'https://res.cloudinary.com/dcxgx3ott/image/upload/v1744213474/cupcake-2_vgtxpx.webp'),
     ('5112b32e-4d0b-410a-bcad-340296fa2d81', 'https://res.cloudinary.com/dcxgx3ott/image/upload/v1744208115/product-10_q4cevx.webp'),
     ('5112b32e-4d0b-410a-bcad-340296fa2d81', 'https://res.cloudinary.com/dcxgx3ott/image/upload/v1744213475/cupcake-3_doaecs.webp'),
     ('57e70a1e-da61-48f8-b657-824be1f612cb', 'https://res.cloudinary.com/dcxgx3ott/image/upload/v1744213474/cupcake-4_whytdy.webp'),
     ('57e70a1e-da61-48f8-b657-824be1f612cb', 'https://res.cloudinary.com/dcxgx3ott/image/upload/v1744213475/cupcake-3_doaecs.webp'),
     ('57e70a1e-da61-48f8-b657-824be1f612cb', 'https://res.cloudinary.com/dcxgx3ott/image/upload/v1744214185/cupcake-5_jrvzfq.webp'),
     ('5ee7683f-4862-4c04-9941-0a6a21da380a', 'https://res.cloudinary.com/dcxgx3ott/image/upload/v1744213474/cupcake-2_vgtxpx.webp'),
     ('5ee7683f-4862-4c04-9941-0a6a21da380a', 'https://res.cloudinary.com/dcxgx3ott/image/upload/v1744213474/cupcake-4_whytdy.webp'),
     ('5ee7683f-4862-4c04-9941-0a6a21da380a', 'https://res.cloudinary.com/dcxgx3ott/image/upload/v1744214185/cupcake-5_jrvzfq.webp'),
     ('62bf0071-838c-493f-af44-74eade73885b', 'https://res.cloudinary.com/dcxgx3ott/image/upload/v1744208115/product-10_q4cevx.webp'),
     ('62bf0071-838c-493f-af44-74eade73885b', 'https://res.cloudinary.com/dcxgx3ott/image/upload/v1744213474/cupcake-2_vgtxpx.webp'),
     ('62bf0071-838c-493f-af44-74eade73885b', 'https://res.cloudinary.com/dcxgx3ott/image/upload/v1744213474/cupcake-4_whytdy.webp'),
     ('6c9a9e9d-86c7-4a08-b4db-4649d6405cb5', 'https://res.cloudinary.com/dcxgx3ott/image/upload/v1744213474/cupcake-4_whytdy.webp'),
     ('6c9a9e9d-86c7-4a08-b4db-4649d6405cb5', 'https://res.cloudinary.com/dcxgx3ott/image/upload/v1744214185/cupcake-5_jrvzfq.webp'),
     ('6c9a9e9d-86c7-4a08-b4db-4649d6405cb5', 'https://res.cloudinary.com/dcxgx3ott/image/upload/v1744213474/cupcake-2_vgtxpx.webp'),
     ('a79e7b10-8c4a-4e12-bf93-d46760bbc643', 'https://res.cloudinary.com/dcxgx3ott/image/upload/v1744213475/cupcake-3_doaecs.webp'),
     ('a79e7b10-8c4a-4e12-bf93-d46760bbc643', 'https://res.cloudinary.com/dcxgx3ott/image/upload/v1744214185/cupcake-5_jrvzfq.webp'),
     ('a79e7b10-8c4a-4e12-bf93-d46760bbc643', 'https://res.cloudinary.com/dcxgx3ott/image/upload/v1744213474/cupcake-4_whytdy.webp'),
     ('ae0a9e6d-6523-4897-a595-d22fe25976e7', 'https://res.cloudinary.com/dcxgx3ott/image/upload/v1744213474/cupcake-2_vgtxpx.webp'),
     ('ae0a9e6d-6523-4897-a595-d22fe25976e7', 'https://res.cloudinary.com/dcxgx3ott/image/upload/v1744208115/product-10_q4cevx.webp'),
     ('ae0a9e6d-6523-4897-a595-d22fe25976e7', 'https://res.cloudinary.com/dcxgx3ott/image/upload/v1744213475/cupcake-3_doaecs.webp');

-- Dumping data for table db_cake_shop.tbl_product_tag: ~113 rows (approximately)
INSERT INTO `tbl_product_tag` (`product_id`, `tag_id`) VALUES
   ('1dedaee3-1bbb-4268-bfd4-9d860ce4108d', '375fd18f-6ee3-4325-8d1a-757974531f7e'),
   ('2e96b18f-ad79-44d4-92c9-7422b83fa679', '375fd18f-6ee3-4325-8d1a-757974531f7e'),
   ('4bac8467-974d-4265-9595-c8bba18d59c7', '375fd18f-6ee3-4325-8d1a-757974531f7e'),
   ('5112b32e-4d0b-410a-bcad-340296fa2d81', '375fd18f-6ee3-4325-8d1a-757974531f7e'),
   ('57e70a1e-da61-48f8-b657-824be1f612cb', '375fd18f-6ee3-4325-8d1a-757974531f7e'),
   ('5ee7683f-4862-4c04-9941-0a6a21da380a', '375fd18f-6ee3-4325-8d1a-757974531f7e'),
   ('66c7080f-182f-42c9-b767-feabe1642ce5', '375fd18f-6ee3-4325-8d1a-757974531f7e'),
   ('7aa275b2-7c0d-4b59-a9c6-1eaa1ba16a07', '375fd18f-6ee3-4325-8d1a-757974531f7e'),
   ('97e89405-72e6-43b4-816d-87173e9a43d6', '375fd18f-6ee3-4325-8d1a-757974531f7e'),
   ('9cf5a565-eb1e-43c3-8aea-5c2d4cb9d3fe', '375fd18f-6ee3-4325-8d1a-757974531f7e'),
   ('a71a0422-9157-4b14-a93e-dd1c74bbc59e', '375fd18f-6ee3-4325-8d1a-757974531f7e'),
   ('ae0a9e6d-6523-4897-a595-d22fe25976e7', '375fd18f-6ee3-4325-8d1a-757974531f7e'),
   ('c2cfc919-6e76-47e5-bec9-65d97a22aa5b', '375fd18f-6ee3-4325-8d1a-757974531f7e'),
   ('dadb6a97-e768-42cd-9f6d-d5a8c778892d', '375fd18f-6ee3-4325-8d1a-757974531f7e'),
   ('dc3e0b6f-51f4-488d-bb38-d7d487f33b8a', '375fd18f-6ee3-4325-8d1a-757974531f7e'),
   ('f7c78480-4a0f-4076-bb08-dcdb9e64170e', '375fd18f-6ee3-4325-8d1a-757974531f7e'),
   ('18d3f905-00ff-40fb-a833-cbab9c02614e', '4464e134-7974-4b7f-8d4d-41fb14eee46a'),
   ('1b5c9886-e07e-470a-81b4-d5ca587c4a2b', '4464e134-7974-4b7f-8d4d-41fb14eee46a'),
   ('214a7dcb-9b1d-403c-b770-2cba26179fde', '4464e134-7974-4b7f-8d4d-41fb14eee46a'),
   ('4696819a-f040-469f-a8a6-5ebda5432607', '4464e134-7974-4b7f-8d4d-41fb14eee46a'),
   ('51c0f51f-4af2-4acd-b45d-c4e3ec84b085', '4464e134-7974-4b7f-8d4d-41fb14eee46a'),
   ('5ee7683f-4862-4c04-9941-0a6a21da380a', '4464e134-7974-4b7f-8d4d-41fb14eee46a'),
   ('614a05f8-9a65-4468-a382-864394198039', '4464e134-7974-4b7f-8d4d-41fb14eee46a'),
   ('6c9a9e9d-86c7-4a08-b4db-4649d6405cb5', '4464e134-7974-4b7f-8d4d-41fb14eee46a'),
   ('7c008281-a5e3-453d-9091-97224f849216', '4464e134-7974-4b7f-8d4d-41fb14eee46a'),
   ('a4ea23ec-11f3-4121-b652-8dcbac407209', '4464e134-7974-4b7f-8d4d-41fb14eee46a'),
   ('a6564b4d-164a-4dbf-b306-dbfb137c6127', '4464e134-7974-4b7f-8d4d-41fb14eee46a'),
   ('a79e7b10-8c4a-4e12-bf93-d46760bbc643', '4464e134-7974-4b7f-8d4d-41fb14eee46a'),
   ('affb5df4-e943-4540-b9e4-1b74bf1646c0', '4464e134-7974-4b7f-8d4d-41fb14eee46a'),
   ('d600cf7c-3873-42c7-aa46-ca25d9d503a9', '4464e134-7974-4b7f-8d4d-41fb14eee46a'),
   ('dc3e0b6f-51f4-488d-bb38-d7d487f33b8a', '4464e134-7974-4b7f-8d4d-41fb14eee46a'),
   ('ff3f817a-424e-4c2b-b0a0-f1faa6a49581', '4464e134-7974-4b7f-8d4d-41fb14eee46a'),
   ('18d3f905-00ff-40fb-a833-cbab9c02614e', '5c79934c-0fc6-4e0c-9928-21d8b1ae56d7'),
   ('1b5c9886-e07e-470a-81b4-d5ca587c4a2b', '5c79934c-0fc6-4e0c-9928-21d8b1ae56d7'),
   ('225b9dcf-c3cb-4fa9-8bea-8e532019dfa2', '5c79934c-0fc6-4e0c-9928-21d8b1ae56d7'),
   ('262d47eb-7af2-456f-b0d0-b14edf01bb27', '5c79934c-0fc6-4e0c-9928-21d8b1ae56d7'),
   ('4bac8467-974d-4265-9595-c8bba18d59c7', '5c79934c-0fc6-4e0c-9928-21d8b1ae56d7'),
   ('5112b32e-4d0b-410a-bcad-340296fa2d81', '5c79934c-0fc6-4e0c-9928-21d8b1ae56d7'),
   ('57e70a1e-da61-48f8-b657-824be1f612cb', '5c79934c-0fc6-4e0c-9928-21d8b1ae56d7'),
   ('614a05f8-9a65-4468-a382-864394198039', '5c79934c-0fc6-4e0c-9928-21d8b1ae56d7'),
   ('66c7080f-182f-42c9-b767-feabe1642ce5', '5c79934c-0fc6-4e0c-9928-21d8b1ae56d7'),
   ('7aa275b2-7c0d-4b59-a9c6-1eaa1ba16a07', '5c79934c-0fc6-4e0c-9928-21d8b1ae56d7'),
   ('7c008281-a5e3-453d-9091-97224f849216', '5c79934c-0fc6-4e0c-9928-21d8b1ae56d7'),
   ('97e89405-72e6-43b4-816d-87173e9a43d6', '5c79934c-0fc6-4e0c-9928-21d8b1ae56d7'),
   ('a68b26cd-e6b0-426b-a070-abf4c98182a2', '5c79934c-0fc6-4e0c-9928-21d8b1ae56d7'),
   ('a79e7b10-8c4a-4e12-bf93-d46760bbc643', '5c79934c-0fc6-4e0c-9928-21d8b1ae56d7'),
   ('a92699f7-9f72-4e34-9ace-8fa7eba4099a', '5c79934c-0fc6-4e0c-9928-21d8b1ae56d7'),
   ('ae0a9e6d-6523-4897-a595-d22fe25976e7', '5c79934c-0fc6-4e0c-9928-21d8b1ae56d7'),
   ('b434f56a-bb32-4d3f-8ab7-c8ad09969d7b', '5c79934c-0fc6-4e0c-9928-21d8b1ae56d7'),
   ('c6c06031-2c45-4bb5-ab49-361b1f093867', '5c79934c-0fc6-4e0c-9928-21d8b1ae56d7'),
   ('d600cf7c-3873-42c7-aa46-ca25d9d503a9', '5c79934c-0fc6-4e0c-9928-21d8b1ae56d7'),
   ('dadb6a97-e768-42cd-9f6d-d5a8c778892d', '5c79934c-0fc6-4e0c-9928-21d8b1ae56d7'),
   ('e5434532-1b8b-40c3-8047-4c9cd1a1225f', '5c79934c-0fc6-4e0c-9928-21d8b1ae56d7'),
   ('18d3f905-00ff-40fb-a833-cbab9c02614e', '606ef0e9-5dd5-4165-b499-b64577f8f324'),
   ('1e09b653-9093-4294-8b1e-43a4efacc7ec', '606ef0e9-5dd5-4165-b499-b64577f8f324'),
   ('222e3700-75ba-44a5-b9c8-ab500885bc3e', '606ef0e9-5dd5-4165-b499-b64577f8f324'),
   ('262d47eb-7af2-456f-b0d0-b14edf01bb27', '606ef0e9-5dd5-4165-b499-b64577f8f324'),
   ('5112b32e-4d0b-410a-bcad-340296fa2d81', '606ef0e9-5dd5-4165-b499-b64577f8f324'),
   ('57e70a1e-da61-48f8-b657-824be1f612cb', '606ef0e9-5dd5-4165-b499-b64577f8f324'),
   ('657dc7d8-96fb-4e85-b5e7-ffc83353852a', '606ef0e9-5dd5-4165-b499-b64577f8f324'),
   ('899c2967-f9d3-43e4-82f5-5720e3f38862', '606ef0e9-5dd5-4165-b499-b64577f8f324'),
   ('9e5c42c2-e96f-4da5-a0be-3567d03c267c', '606ef0e9-5dd5-4165-b499-b64577f8f324'),
   ('a3a2da1b-18b4-4556-8d82-592f2d42bcd8', '606ef0e9-5dd5-4165-b499-b64577f8f324'),
   ('a4ea23ec-11f3-4121-b652-8dcbac407209', '606ef0e9-5dd5-4165-b499-b64577f8f324'),
   ('a6564b4d-164a-4dbf-b306-dbfb137c6127', '606ef0e9-5dd5-4165-b499-b64577f8f324'),
   ('a68b26cd-e6b0-426b-a070-abf4c98182a2', '606ef0e9-5dd5-4165-b499-b64577f8f324'),
   ('a71a0422-9157-4b14-a93e-dd1c74bbc59e', '606ef0e9-5dd5-4165-b499-b64577f8f324'),
   ('a79e7b10-8c4a-4e12-bf93-d46760bbc643', '606ef0e9-5dd5-4165-b499-b64577f8f324'),
   ('ae0a9e6d-6523-4897-a595-d22fe25976e7', '606ef0e9-5dd5-4165-b499-b64577f8f324'),
   ('b434f56a-bb32-4d3f-8ab7-c8ad09969d7b', '606ef0e9-5dd5-4165-b499-b64577f8f324'),
   ('dadb6a97-e768-42cd-9f6d-d5a8c778892d', '606ef0e9-5dd5-4165-b499-b64577f8f324'),
   ('f7c78480-4a0f-4076-bb08-dcdb9e64170e', '606ef0e9-5dd5-4165-b499-b64577f8f324'),
   ('1dedaee3-1bbb-4268-bfd4-9d860ce4108d', '8f1f608f-be88-467e-9a7a-12e6285ab72a'),
   ('214a7dcb-9b1d-403c-b770-2cba26179fde', '8f1f608f-be88-467e-9a7a-12e6285ab72a'),
   ('222e3700-75ba-44a5-b9c8-ab500885bc3e', '8f1f608f-be88-467e-9a7a-12e6285ab72a'),
   ('225b9dcf-c3cb-4fa9-8bea-8e532019dfa2', '8f1f608f-be88-467e-9a7a-12e6285ab72a'),
   ('51c0f51f-4af2-4acd-b45d-c4e3ec84b085', '8f1f608f-be88-467e-9a7a-12e6285ab72a'),
   ('614a05f8-9a65-4468-a382-864394198039', '8f1f608f-be88-467e-9a7a-12e6285ab72a'),
   ('62bf0071-838c-493f-af44-74eade73885b', '8f1f608f-be88-467e-9a7a-12e6285ab72a'),
   ('62f2ed3e-6707-42a4-b189-8fc70d0a427b', '8f1f608f-be88-467e-9a7a-12e6285ab72a'),
   ('657dc7d8-96fb-4e85-b5e7-ffc83353852a', '8f1f608f-be88-467e-9a7a-12e6285ab72a'),
   ('6c9a9e9d-86c7-4a08-b4db-4649d6405cb5', '8f1f608f-be88-467e-9a7a-12e6285ab72a'),
   ('7aa275b2-7c0d-4b59-a9c6-1eaa1ba16a07', '8f1f608f-be88-467e-9a7a-12e6285ab72a'),
   ('899c2967-f9d3-43e4-82f5-5720e3f38862', '8f1f608f-be88-467e-9a7a-12e6285ab72a'),
   ('9cf5a565-eb1e-43c3-8aea-5c2d4cb9d3fe', '8f1f608f-be88-467e-9a7a-12e6285ab72a'),
   ('9e5c42c2-e96f-4da5-a0be-3567d03c267c', '8f1f608f-be88-467e-9a7a-12e6285ab72a'),
   ('a3a2da1b-18b4-4556-8d82-592f2d42bcd8', '8f1f608f-be88-467e-9a7a-12e6285ab72a'),
   ('a68b26cd-e6b0-426b-a070-abf4c98182a2', '8f1f608f-be88-467e-9a7a-12e6285ab72a'),
   ('a92699f7-9f72-4e34-9ace-8fa7eba4099a', '8f1f608f-be88-467e-9a7a-12e6285ab72a'),
   ('d600cf7c-3873-42c7-aa46-ca25d9d503a9', '8f1f608f-be88-467e-9a7a-12e6285ab72a'),
   ('d73bbb9e-e4f9-44e7-a826-cc0a5118b8cf', '8f1f608f-be88-467e-9a7a-12e6285ab72a'),
   ('ff3f817a-424e-4c2b-b0a0-f1faa6a49581', '8f1f608f-be88-467e-9a7a-12e6285ab72a'),
   ('2e96b18f-ad79-44d4-92c9-7422b83fa679', 'bd7cdc57-ec6b-4f89-b407-665539ac97a6'),
   ('62bf0071-838c-493f-af44-74eade73885b', 'bd7cdc57-ec6b-4f89-b407-665539ac97a6'),
   ('657dc7d8-96fb-4e85-b5e7-ffc83353852a', 'bd7cdc57-ec6b-4f89-b407-665539ac97a6'),
   ('66c7080f-182f-42c9-b767-feabe1642ce5', 'bd7cdc57-ec6b-4f89-b407-665539ac97a6'),
   ('9e5c42c2-e96f-4da5-a0be-3567d03c267c', 'bd7cdc57-ec6b-4f89-b407-665539ac97a6'),
   ('a3a2da1b-18b4-4556-8d82-592f2d42bcd8', 'bd7cdc57-ec6b-4f89-b407-665539ac97a6'),
   ('a71a0422-9157-4b14-a93e-dd1c74bbc59e', 'bd7cdc57-ec6b-4f89-b407-665539ac97a6'),
   ('e5434532-1b8b-40c3-8047-4c9cd1a1225f', 'bd7cdc57-ec6b-4f89-b407-665539ac97a6'),
   ('1dedaee3-1bbb-4268-bfd4-9d860ce4108d', 'e5c796ad-0893-4dd5-a29b-23d49a3b3647'),
   ('1e09b653-9093-4294-8b1e-43a4efacc7ec', 'e5c796ad-0893-4dd5-a29b-23d49a3b3647'),
   ('2e96b18f-ad79-44d4-92c9-7422b83fa679', 'e5c796ad-0893-4dd5-a29b-23d49a3b3647'),
   ('4696819a-f040-469f-a8a6-5ebda5432607', 'e5c796ad-0893-4dd5-a29b-23d49a3b3647'),
   ('5ee7683f-4862-4c04-9941-0a6a21da380a', 'e5c796ad-0893-4dd5-a29b-23d49a3b3647'),
   ('62bf0071-838c-493f-af44-74eade73885b', 'e5c796ad-0893-4dd5-a29b-23d49a3b3647'),
   ('62f2ed3e-6707-42a4-b189-8fc70d0a427b', 'e5c796ad-0893-4dd5-a29b-23d49a3b3647'),
   ('6c9a9e9d-86c7-4a08-b4db-4649d6405cb5', 'e5c796ad-0893-4dd5-a29b-23d49a3b3647'),
   ('a4ea23ec-11f3-4121-b652-8dcbac407209', 'e5c796ad-0893-4dd5-a29b-23d49a3b3647'),
   ('b434f56a-bb32-4d3f-8ab7-c8ad09969d7b', 'e5c796ad-0893-4dd5-a29b-23d49a3b3647'),
   ('c2cfc919-6e76-47e5-bec9-65d97a22aa5b', 'e5c796ad-0893-4dd5-a29b-23d49a3b3647'),
   ('c6c06031-2c45-4bb5-ab49-361b1f093867', 'e5c796ad-0893-4dd5-a29b-23d49a3b3647'),
   ('e5434532-1b8b-40c3-8047-4c9cd1a1225f', 'e5c796ad-0893-4dd5-a29b-23d49a3b3647');

-- Dumping data for table db_cake_shop.tbl_review: ~20 rows (approximately)
INSERT INTO `tbl_review` (`id`, `created_at`, `updated_at`, `content`, `rate`, `customer_id`, `product_id`) VALUES
    ('159501ef-25fa-4229-abea-bb4bf7beac6b', '2025-04-11 13:11:35.932000', '2025-04-11 13:11:35.932000', 'Chất lượng tuyệt vời!', 5, '6dd654df-7407-45a5-9ef6-053a3919871b', 'a68b26cd-e6b0-426b-a070-abf4c98182a2'),
    ('181a9a7f-d5aa-4fd1-a6c6-c11ab217e742', '2025-04-11 13:11:35.907000', '2025-04-11 13:11:35.907000', 'Bánh quá ngon, mình sẽ mua lại!', 5, '6b0df43b-e616-46d6-a48c-2a0f3e09ab80', 'a68b26cd-e6b0-426b-a070-abf4c98182a2'),
    ('1cdd4d8a-c7b8-47bf-b847-976eb4b6ed1e', '2025-04-11 13:12:47.883000', '2025-04-11 13:12:47.883000', 'Tạm ổn, không đặc biệt lắm.', 3, 'c301a438-824a-45a7-9bc6-250e7bfbda7f', 'd73bbb9e-e4f9-44e7-a826-cc0a5118b8cf'),
    ('4c7025a9-a6cc-4cab-a312-7e4c482c9578', '2025-04-11 13:12:47.857000', '2025-04-11 13:12:47.857000', 'Ổn áp, phù hợp giá tiền.', 4, '7f196824-86ad-473b-a42f-59f5b2e25763', 'd73bbb9e-e4f9-44e7-a826-cc0a5118b8cf'),
    ('75abb163-2aeb-4341-9fa6-7a482c1a2c07', '2025-04-11 13:08:40.874000', '2025-04-11 13:08:40.874000', 'Mùi vị ổn, đóng gói đẹp.', 4, 'aa19a747-0dee-4dff-9268-18fe63cd4838', '7c008281-a5e3-453d-9091-97224f849216'),
    ('7bb7ef5c-0dd0-428f-9b98-4e544a701877', '2025-04-11 13:13:47.851000', '2025-04-11 13:13:47.851000', 'Tạm ổn, không đặc biệt lắm.', 3, 'c301a438-824a-45a7-9bc6-250e7bfbda7f', 'affb5df4-e943-4540-b9e4-1b74bf1646c0'),
    ('7eaab934-2455-403e-ba39-d28de4962fd6', '2025-04-11 13:13:47.832000', '2025-04-11 13:13:47.832000', 'Ổn áp, phù hợp giá tiền.', 4, '7f196824-86ad-473b-a42f-59f5b2e25763', 'affb5df4-e943-4540-b9e4-1b74bf1646c0'),
    ('86cca735-176a-4d15-969a-c89a50980003', '2025-04-11 13:12:47.822000', '2025-04-11 13:12:47.822000', 'Bánh quá ngon, mình sẽ mua lại!', 5, '6b0df43b-e616-46d6-a48c-2a0f3e09ab80', 'd73bbb9e-e4f9-44e7-a826-cc0a5118b8cf'),
    ('88fcad78-38f1-4701-88ba-3c8484fd1bb4', '2025-04-11 13:11:35.963000', '2025-04-11 13:11:35.963000', 'Tạm ổn, không đặc biệt lắm.', 3, 'c301a438-824a-45a7-9bc6-250e7bfbda7f', 'a68b26cd-e6b0-426b-a070-abf4c98182a2'),
    ('8a6bb849-9522-4b6e-ab63-9042c064f24e', '2025-04-11 13:11:35.952000', '2025-04-11 13:11:35.952000', 'Mùi vị ổn, đóng gói đẹp.', 4, 'aa19a747-0dee-4dff-9268-18fe63cd4838', 'a68b26cd-e6b0-426b-a070-abf4c98182a2'),
    ('8d22e850-c7cf-4f1f-b3f8-3322fca01142', '2025-04-11 13:08:40.884000', '2025-04-11 13:08:40.884000', 'Tạm ổn, không đặc biệt lắm.', 3, 'c301a438-824a-45a7-9bc6-250e7bfbda7f', '7c008281-a5e3-453d-9091-97224f849216'),
    ('9c9437e2-67c6-40cc-bd08-67f70163138d', '2025-04-11 13:12:47.868000', '2025-04-11 13:12:47.868000', 'Mùi vị ổn, đóng gói đẹp.', 4, 'aa19a747-0dee-4dff-9268-18fe63cd4838', 'd73bbb9e-e4f9-44e7-a826-cc0a5118b8cf'),
    ('b8602ca2-304f-4e0d-abd4-8f3fd293a455', '2025-04-11 13:13:47.797000', '2025-04-11 13:13:47.797000', 'Bánh quá ngon, mình sẽ mua lại!', 5, '6b0df43b-e616-46d6-a48c-2a0f3e09ab80', 'affb5df4-e943-4540-b9e4-1b74bf1646c0'),
    ('cfbdf54a-e8ab-43c8-817f-146d21f29cc5', '2025-04-11 13:13:47.822000', '2025-04-11 13:13:47.822000', 'Chất lượng tuyệt vời!', 5, '6dd654df-7407-45a5-9ef6-053a3919871b', 'affb5df4-e943-4540-b9e4-1b74bf1646c0'),
    ('d8fdf081-17e6-4d51-bd6a-800d3fb45466', '2025-04-11 13:08:40.849000', '2025-04-11 13:08:40.849000', 'Chất lượng tuyệt vời!', 5, '6dd654df-7407-45a5-9ef6-053a3919871b', '7c008281-a5e3-453d-9091-97224f849216'),
    ('ee9f8ca8-aab2-4de8-9655-5a8a0448d708', '2025-04-11 13:08:40.827000', '2025-04-11 13:08:40.827000', 'Bánh quá ngon, mình sẽ mua lại!', 5, '6b0df43b-e616-46d6-a48c-2a0f3e09ab80', '7c008281-a5e3-453d-9091-97224f849216'),
    ('f099abf8-9e9c-4a48-98c0-b0ca2e365978', '2025-04-11 13:11:35.942000', '2025-04-11 13:11:35.942000', 'Ổn áp, phù hợp giá tiền.', 4, '7f196824-86ad-473b-a42f-59f5b2e25763', 'a68b26cd-e6b0-426b-a070-abf4c98182a2'),
    ('f6571473-1858-44af-aa23-883f82f3e043', '2025-04-11 13:08:40.863000', '2025-04-11 13:08:40.863000', 'Ổn áp, phù hợp giá tiền.', 4, '7f196824-86ad-473b-a42f-59f5b2e25763', '7c008281-a5e3-453d-9091-97224f849216'),
    ('fa4febe1-08e9-49a2-994d-f5dd1fa2729b', '2025-04-11 13:13:47.842000', '2025-04-11 13:13:47.842000', 'Mùi vị ổn, đóng gói đẹp.', 4, 'aa19a747-0dee-4dff-9268-18fe63cd4838', 'affb5df4-e943-4540-b9e4-1b74bf1646c0'),
    ('faac1606-b471-4c6d-bf9f-9ca844c9fe45', '2025-04-11 13:12:47.843000', '2025-04-11 13:12:47.843000', 'Chất lượng tuyệt vời!', 5, '6dd654df-7407-45a5-9ef6-053a3919871b', 'd73bbb9e-e4f9-44e7-a826-cc0a5118b8cf');